Filename,Class
1.jpg,ferry_boat
10.jpg,sailboat
100.jpg,sailboat
101.jpg,cruise_ship
102.jpg,sailboat
103.jpg,kayak
104.jpg,sailboat
105.jpg,kayak
106.jpg,gondola
107.jpg,cruise_ship
108.jpg,kayak
109.jpg,cruise_ship
11.jpg,kayak
110.jpg,kayak
111.jpg,cruise_ship
112.jpg,gondola
113.jpg,sailboat
114.jpg,sailboat
115.jpg,sailboat
116.jpg,sailboat
117.jpg,sailboat
118.jpg,sailboat
119.jpg,sailboat
12.jpg,sailboat
120.jpg,gondola
121.jpg,sailboat
122.jpg,sailboat
123.jpg,gondola
124.jpg,cruise_ship
125.jpg,kayak
126.jpg,kayak
127.jpg,buoy
128.jpg,buoy
129.jpg,sailboat
13.jpg,sailboat
130.jpg,sailboat
131.jpg,kayak
132.jpg,cruise_ship
133.jpg,kayak
134.jpg,sailboat
135.jpg,cruise_ship
136.jpg,cruise_ship
137.jpg,buoy
138.jpg,kayak
139.jpg,sailboat
14.jpg,sailboat
140.jpg,gondola
141.jpg,buoy
142.jpg,kayak
143.jpg,kayak
144.jpg,gondola
145.jpg,cruise_ship
146.jpg,sailboat
147.jpg,sailboat
148.jpg,cruise_ship
149.jpg,sailboat
15.jpg,gondola
150.jpg,kayak
151.jpg,gondola
152.jpg,sailboat
153.jpg,gondola
154.jpg,sailboat
155.jpg,gondola
156.jpg,gondola
157.jpg,kayak
158.jpg,sailboat
159.jpg,kayak
16.jpg,inflatable_boat
160.jpg,sailboat
161.jpg,cruise_ship
162.jpg,cruise_ship
163.jpg,kayak
164.jpg,sailboat
165.jpg,kayak
166.jpg,sailboat
167.jpg,sailboat
168.jpg,gondola
169.jpg,gondola
17.jpg,buoy
170.jpg,sailboat
171.jpg,gondola
172.jpg,gondola
173.jpg,gondola
174.jpg,ferry_boat
175.jpg,sailboat
176.jpg,gondola
177.jpg,ferry_boat
178.jpg,cruise_ship
179.jpg,kayak
18.jpg,gondola
180.jpg,cruise_ship
181.jpg,kayak
182.jpg,kayak
183.jpg,kayak
184.jpg,cruise_ship
185.jpg,sailboat
186.jpg,kayak
187.jpg,kayak
188.jpg,kayak
189.jpg,sailboat
19.jpg,gondola
190.jpg,buoy
191.jpg,ferry_boat
192.jpg,cruise_ship
193.jpg,gondola
194.jpg,kayak
195.jpg,sailboat
196.jpg,sailboat
197.jpg,cruise_ship
198.jpg,buoy
199.jpg,cruise_ship
2.jpg,gondola
20.jpg,gondola
200.jpg,gondola
201.jpg,kayak
202.jpg,gondola
203.jpg,cruise_ship
204.jpg,sailboat
205.jpg,kayak
206.jpg,cruise_ship
207.jpg,sailboat
208.jpg,gondola
209.jpg,kayak
21.jpg,ferry_boat
210.jpg,freight_boat
211.jpg,sailboat
212.jpg,cruise_ship
213.jpg,sailboat
214.jpg,cruise_ship
215.jpg,paper_boat
216.jpg,sailboat
217.jpg,sailboat
218.jpg,sailboat
219.jpg,gondola
22.jpg,sailboat
220.jpg,cruise_ship
221.jpg,kayak
222.jpg,cruise_ship
223.jpg,kayak
224.jpg,sailboat
225.jpg,ferry_boat
226.jpg,sailboat
227.jpg,gondola
228.jpg,cruise_ship
229.jpg,cruise_ship
23.jpg,gondola
230.jpg,ferry_boat
231.jpg,gondola
232.jpg,sailboat
233.jpg,gondola
234.jpg,kayak
235.jpg,gondola
236.jpg,sailboat
237.jpg,sailboat
238.jpg,kayak
239.jpg,gondola
24.jpg,gondola
240.jpg,gondola
241.jpg,sailboat
242.jpg,sailboat
243.jpg,sailboat
244.jpg,sailboat
245.jpg,kayak
246.jpg,kayak
247.jpg,sailboat
248.jpg,sailboat
249.jpg,cruise_ship
25.jpg,gondola
250.jpg,sailboat
251.jpg,kayak
252.jpg,sailboat
253.jpg,sailboat
254.jpg,sailboat
255.jpg,cruise_ship
256.jpg,cruise_ship
257.jpg,kayak
258.jpg,sailboat
259.jpg,kayak
26.jpg,kayak
260.jpg,kayak
261.jpg,gondola
262.jpg,kayak
263.jpg,kayak
264.jpg,kayak
265.jpg,freight_boat
266.jpg,cruise_ship
267.jpg,ferry_boat
268.jpg,kayak
269.jpg,sailboat
27.jpg,sailboat
270.jpg,cruise_ship
271.jpg,cruise_ship
272.jpg,freight_boat
273.jpg,sailboat
274.jpg,gondola
275.jpg,paper_boat
276.jpg,ferry_boat
277.jpg,kayak
278.jpg,sailboat
279.jpg,buoy
28.jpg,sailboat
280.jpg,sailboat
281.jpg,sailboat
282.jpg,ferry_boat
283.jpg,sailboat
284.jpg,gondola
285.jpg,sailboat
286.jpg,gondola
287.jpg,cruise_ship
288.jpg,gondola
289.jpg,kayak
29.jpg,kayak
290.jpg,cruise_ship
291.jpg,sailboat
292.jpg,kayak
293.jpg,sailboat
294.jpg,ferry_boat
295.jpg,kayak
296.jpg,buoy
297.jpg,cruise_ship
298.jpg,sailboat
299.jpg,buoy
3.jpg,sailboat
30.jpg,ferry_boat
300.jpg,sailboat
31.jpg,sailboat
32.jpg,gondola
33.jpg,sailboat
34.jpg,paper_boat
35.jpg,sailboat
36.jpg,paper_boat
37.jpg,sailboat
38.jpg,sailboat
39.jpg,gondola
4.jpg,sailboat
40.jpg,gondola
41.jpg,gondola
42.jpg,cruise_ship
43.jpg,cruise_ship
44.jpg,sailboat
45.jpg,sailboat
46.jpg,kayak
47.jpg,cruise_ship
48.jpg,buoy
49.jpg,sailboat
5.jpg,gondola
50.jpg,sailboat
51.jpg,kayak
52.jpg,paper_boat
53.jpg,sailboat
54.jpg,gondola
55.jpg,cruise_ship
56.jpg,cruise_ship
57.jpg,sailboat
58.jpg,cruise_ship
59.jpg,ferry_boat
6.jpg,sailboat
60.jpg,gondola
61.jpg,kayak
62.jpg,gondola
63.jpg,inflatable_boat
64.jpg,cruise_ship
65.jpg,sailboat
66.jpg,cruise_ship
67.jpg,sailboat
68.jpg,kayak
69.jpg,ferry_boat
7.jpg,sailboat
70.jpg,kayak
71.jpg,sailboat
72.jpg,kayak
73.jpg,gondola
74.jpg,sailboat
75.jpg,kayak
76.jpg,gondola
77.jpg,sailboat
78.jpg,sailboat
79.jpg,ferry_boat
8.jpg,cruise_ship
80.jpg,kayak
81.jpg,gondola
82.jpg,cruise_ship
83.jpg,inflatable_boat
84.jpg,sailboat
85.jpg,buoy
86.jpg,sailboat
87.jpg,sailboat
88.jpg,ferry_boat
89.jpg,kayak
9.jpg,sailboat
90.jpg,sailboat
91.jpg,cruise_ship
92.jpg,gondola
93.jpg,cruise_ship
94.jpg,kayak
95.jpg,gondola
96.jpg,kayak
97.jpg,cruise_ship
98.jpg,sailboat
99.jpg,cruise_ship
